,weight,bias,output,loss
0,0.3576184809207916,0.030824868008494377,5.5612969398498535,6.913507461547852
1,0.3576184809207916,0.030824868008494377,6.179218822055393,7.011505603790283
2,0.3576184809207916,0.030824868008494377,6.797140704260932,7.081607341766357
3,0.3576184809207916,0.030824868008494377,7.415062586466471,7.130547523498535
4,0.3576184809207916,0.030824868008494377,8.03298446867201,7.161731243133545
5,0.3576184809207916,0.030824868008494377,8.65090635087755,7.193577289581299
6,0.3576184809207916,0.030824868008494377,9.268828233083088,7.225197792053223
7,0.3576184809207916,0.030824868008494377,9.886750115288628,7.245914459228516
8,0.3576184809207916,0.030824868008494377,10.504671997494167,7.262279510498047
9,0.3576184809207916,0.030824868008494377,11.122593879699707,7.276808738708496
10,0.3576184809207916,0.03424985334277153,5.5612969398498535,6.913507461547852
11,0.3576184809207916,0.03424985334277153,6.179218822055393,7.011505603790283
12,0.3576184809207916,0.03424985334277153,6.797140704260932,7.081607341766357
13,0.3576184809207916,0.03424985334277153,7.415062586466471,7.130547523498535
14,0.3576184809207916,0.03424985334277153,8.03298446867201,7.161731243133545
15,0.3576184809207916,0.03424985334277153,8.65090635087755,7.193577289581299
16,0.3576184809207916,0.03424985334277153,9.268828233083088,7.225197792053223
17,0.3576184809207916,0.03424985334277153,9.886750115288628,7.245914459228516
18,0.3576184809207916,0.03424985334277153,10.504671997494167,7.262279510498047
19,0.3576184809207916,0.03424985334277153,11.122593879699707,7.276808738708496
20,0.3576184809207916,0.03767483867704868,5.5612969398498535,6.913507461547852
21,0.3576184809207916,0.03767483867704868,6.179218822055393,7.011505603790283
22,0.3576184809207916,0.03767483867704868,6.797140704260932,7.081607341766357
23,0.3576184809207916,0.03767483867704868,7.415062586466471,7.130547523498535
24,0.3576184809207916,0.03767483867704868,8.03298446867201,7.161731243133545
25,0.3576184809207916,0.03767483867704868,8.65090635087755,7.193577289581299
26,0.3576184809207916,0.03767483867704868,9.268828233083088,7.225197792053223
27,0.3576184809207916,0.03767483867704868,9.886750115288628,7.245914459228516
28,0.3576184809207916,0.03767483867704868,10.504671997494167,7.262279510498047
29,0.3576184809207916,0.03767483867704868,11.122593879699707,7.276808738708496
30,0.3576184809207916,0.041099824011325836,5.5612969398498535,6.913507461547852
31,0.3576184809207916,0.041099824011325836,6.179218822055393,7.011505603790283
32,0.3576184809207916,0.041099824011325836,6.797140704260932,7.081607341766357
33,0.3576184809207916,0.041099824011325836,7.415062586466471,7.130547523498535
34,0.3576184809207916,0.041099824011325836,8.03298446867201,7.161731243133545
35,0.3576184809207916,0.041099824011325836,8.65090635087755,7.193577289581299
36,0.3576184809207916,0.041099824011325836,9.268828233083088,7.225197792053223
37,0.3576184809207916,0.041099824011325836,9.886750115288628,7.245914459228516
38,0.3576184809207916,0.041099824011325836,10.504671997494167,7.262279510498047
39,0.3576184809207916,0.041099824011325836,11.122593879699707,7.276808738708496
40,0.3576184809207916,0.04452480934560299,5.5612969398498535,6.913507461547852
41,0.3576184809207916,0.04452480934560299,6.179218822055393,7.011505603790283
42,0.3576184809207916,0.04452480934560299,6.797140704260932,7.081607341766357
43,0.3576184809207916,0.04452480934560299,7.415062586466471,7.130547523498535
44,0.3576184809207916,0.04452480934560299,8.03298446867201,7.161731243133545
45,0.3576184809207916,0.04452480934560299,8.65090635087755,7.193577289581299
46,0.3576184809207916,0.04452480934560299,9.268828233083088,7.225197792053223
47,0.3576184809207916,0.04452480934560299,9.886750115288628,7.245914459228516
48,0.3576184809207916,0.04452480934560299,10.504671997494167,7.262279510498047
49,0.3576184809207916,0.04452480934560299,11.122593879699707,7.276808738708496
50,0.3576184809207916,0.04794979467988014,5.5612969398498535,6.913507461547852
51,0.3576184809207916,0.04794979467988014,6.179218822055393,7.011505603790283
52,0.3576184809207916,0.04794979467988014,6.797140704260932,7.081607341766357
53,0.3576184809207916,0.04794979467988014,7.415062586466471,7.130547523498535
54,0.3576184809207916,0.04794979467988014,8.03298446867201,7.161731243133545
55,0.3576184809207916,0.04794979467988014,8.65090635087755,7.193577289581299
56,0.3576184809207916,0.04794979467988014,9.268828233083088,7.225197792053223
57,0.3576184809207916,0.04794979467988014,9.886750115288628,7.245914459228516
58,0.3576184809207916,0.04794979467988014,10.504671997494167,7.262279510498047
59,0.3576184809207916,0.04794979467988014,11.122593879699707,7.276808738708496
60,0.3576184809207916,0.051374780014157295,5.5612969398498535,6.913507461547852
61,0.3576184809207916,0.051374780014157295,6.179218822055393,7.011505603790283
62,0.3576184809207916,0.051374780014157295,6.797140704260932,7.081607341766357
63,0.3576184809207916,0.051374780014157295,7.415062586466471,7.130547523498535
64,0.3576184809207916,0.051374780014157295,8.03298446867201,7.161731243133545
65,0.3576184809207916,0.051374780014157295,8.65090635087755,7.193577289581299
66,0.3576184809207916,0.051374780014157295,9.268828233083088,7.225197792053223
67,0.3576184809207916,0.051374780014157295,9.886750115288628,7.245914459228516
68,0.3576184809207916,0.051374780014157295,10.504671997494167,7.262279510498047
69,0.3576184809207916,0.051374780014157295,11.122593879699707,7.276808738708496
70,0.3576184809207916,0.05479976534843445,5.5612969398498535,6.913507461547852
71,0.3576184809207916,0.05479976534843445,6.179218822055393,7.011505603790283
72,0.3576184809207916,0.05479976534843445,6.797140704260932,7.081607341766357
73,0.3576184809207916,0.05479976534843445,7.415062586466471,7.130547523498535
74,0.3576184809207916,0.05479976534843445,8.03298446867201,7.161731243133545
75,0.3576184809207916,0.05479976534843445,8.65090635087755,7.193577289581299
76,0.3576184809207916,0.05479976534843445,9.268828233083088,7.225197792053223
77,0.3576184809207916,0.05479976534843445,9.886750115288628,7.245914459228516
78,0.3576184809207916,0.05479976534843445,10.504671997494167,7.262279510498047
79,0.3576184809207916,0.05479976534843445,11.122593879699707,7.276808738708496
80,0.3576184809207916,0.0582247506827116,5.5612969398498535,6.913507461547852
81,0.3576184809207916,0.0582247506827116,6.179218822055393,7.011505603790283
82,0.3576184809207916,0.0582247506827116,6.797140704260932,7.081607341766357
83,0.3576184809207916,0.0582247506827116,7.415062586466471,7.130547523498535
84,0.3576184809207916,0.0582247506827116,8.03298446867201,7.161731243133545
85,0.3576184809207916,0.0582247506827116,8.65090635087755,7.193577289581299
86,0.3576184809207916,0.0582247506827116,9.268828233083088,7.225197792053223
87,0.3576184809207916,0.0582247506827116,9.886750115288628,7.245914459228516
88,0.3576184809207916,0.0582247506827116,10.504671997494167,7.262279510498047
89,0.3576184809207916,0.0582247506827116,11.122593879699707,7.276808738708496
90,0.3576184809207916,0.061649736016988754,5.5612969398498535,6.913507461547852
91,0.3576184809207916,0.061649736016988754,6.179218822055393,7.011505603790283
92,0.3576184809207916,0.061649736016988754,6.797140704260932,7.081607341766357
93,0.3576184809207916,0.061649736016988754,7.415062586466471,7.130547523498535
94,0.3576184809207916,0.061649736016988754,8.03298446867201,7.161731243133545
95,0.3576184809207916,0.061649736016988754,8.65090635087755,7.193577289581299
96,0.3576184809207916,0.061649736016988754,9.268828233083088,7.225197792053223
97,0.3576184809207916,0.061649736016988754,9.886750115288628,7.245914459228516
98,0.3576184809207916,0.061649736016988754,10.504671997494167,7.262279510498047
99,0.3576184809207916,0.061649736016988754,11.122593879699707,7.276808738708496
100,0.3973538676897685,0.030824868008494377,5.5612969398498535,6.913507461547852
101,0.3973538676897685,0.030824868008494377,6.179218822055393,7.011505603790283
102,0.3973538676897685,0.030824868008494377,6.797140704260932,7.081607341766357
103,0.3973538676897685,0.030824868008494377,7.415062586466471,7.130547523498535
104,0.3973538676897685,0.030824868008494377,8.03298446867201,7.161731243133545
105,0.3973538676897685,0.030824868008494377,8.65090635087755,7.193577289581299
106,0.3973538676897685,0.030824868008494377,9.268828233083088,7.225197792053223
107,0.3973538676897685,0.030824868008494377,9.886750115288628,7.245914459228516
108,0.3973538676897685,0.030824868008494377,10.504671997494167,7.262279510498047
109,0.3973538676897685,0.030824868008494377,11.122593879699707,7.276808738708496
110,0.3973538676897685,0.03424985334277153,5.5612969398498535,6.913507461547852
111,0.3973538676897685,0.03424985334277153,6.179218822055393,7.011505603790283
112,0.3973538676897685,0.03424985334277153,6.797140704260932,7.081607341766357
113,0.3973538676897685,0.03424985334277153,7.415062586466471,7.130547523498535
114,0.3973538676897685,0.03424985334277153,8.03298446867201,7.161731243133545
115,0.3973538676897685,0.03424985334277153,8.65090635087755,7.193577289581299
116,0.3973538676897685,0.03424985334277153,9.268828233083088,7.225197792053223
117,0.3973538676897685,0.03424985334277153,9.886750115288628,7.245914459228516
118,0.3973538676897685,0.03424985334277153,10.504671997494167,7.262279510498047
119,0.3973538676897685,0.03424985334277153,11.122593879699707,7.276808738708496
120,0.3973538676897685,0.03767483867704868,5.5612969398498535,6.913507461547852
121,0.3973538676897685,0.03767483867704868,6.179218822055393,7.011505603790283
122,0.3973538676897685,0.03767483867704868,6.797140704260932,7.081607341766357
123,0.3973538676897685,0.03767483867704868,7.415062586466471,7.130547523498535
124,0.3973538676897685,0.03767483867704868,8.03298446867201,7.161731243133545
125,0.3973538676897685,0.03767483867704868,8.65090635087755,7.193577289581299
126,0.3973538676897685,0.03767483867704868,9.268828233083088,7.225197792053223
127,0.3973538676897685,0.03767483867704868,9.886750115288628,7.245914459228516
128,0.3973538676897685,0.03767483867704868,10.504671997494167,7.262279510498047
129,0.3973538676897685,0.03767483867704868,11.122593879699707,7.276808738708496
130,0.3973538676897685,0.041099824011325836,5.5612969398498535,6.913507461547852
131,0.3973538676897685,0.041099824011325836,6.179218822055393,7.011505603790283
132,0.3973538676897685,0.041099824011325836,6.797140704260932,7.081607341766357
133,0.3973538676897685,0.041099824011325836,7.415062586466471,7.130547523498535
134,0.3973538676897685,0.041099824011325836,8.03298446867201,7.161731243133545
135,0.3973538676897685,0.041099824011325836,8.65090635087755,7.193577289581299
136,0.3973538676897685,0.041099824011325836,9.268828233083088,7.225197792053223
137,0.3973538676897685,0.041099824011325836,9.886750115288628,7.245914459228516
138,0.3973538676897685,0.041099824011325836,10.504671997494167,7.262279510498047
139,0.3973538676897685,0.041099824011325836,11.122593879699707,7.276808738708496
140,0.3973538676897685,0.04452480934560299,5.5612969398498535,6.913507461547852
141,0.3973538676897685,0.04452480934560299,6.179218822055393,7.011505603790283
142,0.3973538676897685,0.04452480934560299,6.797140704260932,7.081607341766357
143,0.3973538676897685,0.04452480934560299,7.415062586466471,7.130547523498535
144,0.3973538676897685,0.04452480934560299,8.03298446867201,7.161731243133545
145,0.3973538676897685,0.04452480934560299,8.65090635087755,7.193577289581299
146,0.3973538676897685,0.04452480934560299,9.268828233083088,7.225197792053223
147,0.3973538676897685,0.04452480934560299,9.886750115288628,7.245914459228516
148,0.3973538676897685,0.04452480934560299,10.504671997494167,7.262279510498047
149,0.3973538676897685,0.04452480934560299,11.122593879699707,7.276808738708496
150,0.3973538676897685,0.04794979467988014,5.5612969398498535,6.913507461547852
151,0.3973538676897685,0.04794979467988014,6.179218822055393,7.011505603790283
152,0.3973538676897685,0.04794979467988014,6.797140704260932,7.081607341766357
153,0.3973538676897685,0.04794979467988014,7.415062586466471,7.130547523498535
154,0.3973538676897685,0.04794979467988014,8.03298446867201,7.161731243133545
155,0.3973538676897685,0.04794979467988014,8.65090635087755,7.193577289581299
156,0.3973538676897685,0.04794979467988014,9.268828233083088,7.225197792053223
157,0.3973538676897685,0.04794979467988014,9.886750115288628,7.245914459228516
158,0.3973538676897685,0.04794979467988014,10.504671997494167,7.262279510498047
159,0.3973538676897685,0.04794979467988014,11.122593879699707,7.276808738708496
160,0.3973538676897685,0.051374780014157295,5.5612969398498535,6.913507461547852
161,0.3973538676897685,0.051374780014157295,6.179218822055393,7.011505603790283
162,0.3973538676897685,0.051374780014157295,6.797140704260932,7.081607341766357
163,0.3973538676897685,0.051374780014157295,7.415062586466471,7.130547523498535
164,0.3973538676897685,0.051374780014157295,8.03298446867201,7.161731243133545
165,0.3973538676897685,0.051374780014157295,8.65090635087755,7.193577289581299
166,0.3973538676897685,0.051374780014157295,9.268828233083088,7.225197792053223
167,0.3973538676897685,0.051374780014157295,9.886750115288628,7.245914459228516
168,0.3973538676897685,0.051374780014157295,10.504671997494167,7.262279510498047
169,0.3973538676897685,0.051374780014157295,11.122593879699707,7.276808738708496
170,0.3973538676897685,0.05479976534843445,5.5612969398498535,6.913507461547852
171,0.3973538676897685,0.05479976534843445,6.179218822055393,7.011505603790283
172,0.3973538676897685,0.05479976534843445,6.797140704260932,7.081607341766357
173,0.3973538676897685,0.05479976534843445,7.415062586466471,7.130547523498535
174,0.3973538676897685,0.05479976534843445,8.03298446867201,7.161731243133545
175,0.3973538676897685,0.05479976534843445,8.65090635087755,7.193577289581299
176,0.3973538676897685,0.05479976534843445,9.268828233083088,7.225197792053223
177,0.3973538676897685,0.05479976534843445,9.886750115288628,7.245914459228516
178,0.3973538676897685,0.05479976534843445,10.504671997494167,7.262279510498047
179,0.3973538676897685,0.05479976534843445,11.122593879699707,7.276808738708496
180,0.3973538676897685,0.0582247506827116,5.5612969398498535,6.913507461547852
181,0.3973538676897685,0.0582247506827116,6.179218822055393,7.011505603790283
182,0.3973538676897685,0.0582247506827116,6.797140704260932,7.081607341766357
183,0.3973538676897685,0.0582247506827116,7.415062586466471,7.130547523498535
184,0.3973538676897685,0.0582247506827116,8.03298446867201,7.161731243133545
185,0.3973538676897685,0.0582247506827116,8.65090635087755,7.193577289581299
186,0.3973538676897685,0.0582247506827116,9.268828233083088,7.225197792053223
187,0.3973538676897685,0.0582247506827116,9.886750115288628,7.245914459228516
188,0.3973538676897685,0.0582247506827116,10.504671997494167,7.262279510498047
189,0.3973538676897685,0.0582247506827116,11.122593879699707,7.276808738708496
190,0.3973538676897685,0.061649736016988754,5.5612969398498535,6.913507461547852
191,0.3973538676897685,0.061649736016988754,6.179218822055393,7.011505603790283
192,0.3973538676897685,0.061649736016988754,6.797140704260932,7.081607341766357
193,0.3973538676897685,0.061649736016988754,7.415062586466471,7.130547523498535
194,0.3973538676897685,0.061649736016988754,8.03298446867201,7.161731243133545
195,0.3973538676897685,0.061649736016988754,8.65090635087755,7.193577289581299
196,0.3973538676897685,0.061649736016988754,9.268828233083088,7.225197792053223
197,0.3973538676897685,0.061649736016988754,9.886750115288628,7.245914459228516
198,0.3973538676897685,0.061649736016988754,10.504671997494167,7.262279510498047
199,0.3973538676897685,0.061649736016988754,11.122593879699707,7.276808738708496
200,0.4370892544587453,0.030824868008494377,5.5612969398498535,6.913507461547852
201,0.4370892544587453,0.030824868008494377,6.179218822055393,7.011505603790283
202,0.4370892544587453,0.030824868008494377,6.797140704260932,7.081607341766357
203,0.4370892544587453,0.030824868008494377,7.415062586466471,7.130547523498535
204,0.4370892544587453,0.030824868008494377,8.03298446867201,7.161731243133545
205,0.4370892544587453,0.030824868008494377,8.65090635087755,7.193577289581299
206,0.4370892544587453,0.030824868008494377,9.268828233083088,7.225197792053223
207,0.4370892544587453,0.030824868008494377,9.886750115288628,7.245914459228516
208,0.4370892544587453,0.030824868008494377,10.504671997494167,7.262279510498047
209,0.4370892544587453,0.030824868008494377,11.122593879699707,7.276808738708496
210,0.4370892544587453,0.03424985334277153,5.5612969398498535,6.913507461547852
211,0.4370892544587453,0.03424985334277153,6.179218822055393,7.011505603790283
212,0.4370892544587453,0.03424985334277153,6.797140704260932,7.081607341766357
213,0.4370892544587453,0.03424985334277153,7.415062586466471,7.130547523498535
214,0.4370892544587453,0.03424985334277153,8.03298446867201,7.161731243133545
215,0.4370892544587453,0.03424985334277153,8.65090635087755,7.193577289581299
216,0.4370892544587453,0.03424985334277153,9.268828233083088,7.225197792053223
217,0.4370892544587453,0.03424985334277153,9.886750115288628,7.245914459228516
218,0.4370892544587453,0.03424985334277153,10.504671997494167,7.262279510498047
219,0.4370892544587453,0.03424985334277153,11.122593879699707,7.276808738708496
220,0.4370892544587453,0.03767483867704868,5.5612969398498535,6.913507461547852
221,0.4370892544587453,0.03767483867704868,6.179218822055393,7.011505603790283
222,0.4370892544587453,0.03767483867704868,6.797140704260932,7.081607341766357
223,0.4370892544587453,0.03767483867704868,7.415062586466471,7.130547523498535
224,0.4370892544587453,0.03767483867704868,8.03298446867201,7.161731243133545
225,0.4370892544587453,0.03767483867704868,8.65090635087755,7.193577289581299
226,0.4370892544587453,0.03767483867704868,9.268828233083088,7.225197792053223
227,0.4370892544587453,0.03767483867704868,9.886750115288628,7.245914459228516
228,0.4370892544587453,0.03767483867704868,10.504671997494167,7.262279510498047
229,0.4370892544587453,0.03767483867704868,11.122593879699707,7.276808738708496
230,0.4370892544587453,0.041099824011325836,5.5612969398498535,6.913507461547852
231,0.4370892544587453,0.041099824011325836,6.179218822055393,7.011505603790283
232,0.4370892544587453,0.041099824011325836,6.797140704260932,7.081607341766357
233,0.4370892544587453,0.041099824011325836,7.415062586466471,7.130547523498535
234,0.4370892544587453,0.041099824011325836,8.03298446867201,7.161731243133545
235,0.4370892544587453,0.041099824011325836,8.65090635087755,7.193577289581299
236,0.4370892544587453,0.041099824011325836,9.268828233083088,7.225197792053223
237,0.4370892544587453,0.041099824011325836,9.886750115288628,7.245914459228516
238,0.4370892544587453,0.041099824011325836,10.504671997494167,7.262279510498047
239,0.4370892544587453,0.041099824011325836,11.122593879699707,7.276808738708496
240,0.4370892544587453,0.04452480934560299,5.5612969398498535,6.913507461547852
241,0.4370892544587453,0.04452480934560299,6.179218822055393,7.011505603790283
242,0.4370892544587453,0.04452480934560299,6.797140704260932,7.081607341766357
243,0.4370892544587453,0.04452480934560299,7.415062586466471,7.130547523498535
244,0.4370892544587453,0.04452480934560299,8.03298446867201,7.161731243133545
245,0.4370892544587453,0.04452480934560299,8.65090635087755,7.193577289581299
246,0.4370892544587453,0.04452480934560299,9.268828233083088,7.225197792053223
247,0.4370892544587453,0.04452480934560299,9.886750115288628,7.245914459228516
248,0.4370892544587453,0.04452480934560299,10.504671997494167,7.262279510498047
249,0.4370892544587453,0.04452480934560299,11.122593879699707,7.276808738708496
250,0.4370892544587453,0.04794979467988014,5.5612969398498535,6.913507461547852
251,0.4370892544587453,0.04794979467988014,6.179218822055393,7.011505603790283
252,0.4370892544587453,0.04794979467988014,6.797140704260932,7.081607341766357
253,0.4370892544587453,0.04794979467988014,7.415062586466471,7.130547523498535
254,0.4370892544587453,0.04794979467988014,8.03298446867201,7.161731243133545
255,0.4370892544587453,0.04794979467988014,8.65090635087755,7.193577289581299
256,0.4370892544587453,0.04794979467988014,9.268828233083088,7.225197792053223
257,0.4370892544587453,0.04794979467988014,9.886750115288628,7.245914459228516
258,0.4370892544587453,0.04794979467988014,10.504671997494167,7.262279510498047
259,0.4370892544587453,0.04794979467988014,11.122593879699707,7.276808738708496
260,0.4370892544587453,0.051374780014157295,5.5612969398498535,6.913507461547852
261,0.4370892544587453,0.051374780014157295,6.179218822055393,7.011505603790283
262,0.4370892544587453,0.051374780014157295,6.797140704260932,7.081607341766357
263,0.4370892544587453,0.051374780014157295,7.415062586466471,7.130547523498535
264,0.4370892544587453,0.051374780014157295,8.03298446867201,7.161731243133545
265,0.4370892544587453,0.051374780014157295,8.65090635087755,7.193577289581299
266,0.4370892544587453,0.051374780014157295,9.268828233083088,7.225197792053223
267,0.4370892544587453,0.051374780014157295,9.886750115288628,7.245914459228516
268,0.4370892544587453,0.051374780014157295,10.504671997494167,7.262279510498047
269,0.4370892544587453,0.051374780014157295,11.122593879699707,7.276808738708496
270,0.4370892544587453,0.05479976534843445,5.5612969398498535,6.913507461547852
271,0.4370892544587453,0.05479976534843445,6.179218822055393,7.011505603790283
272,0.4370892544587453,0.05479976534843445,6.797140704260932,7.081607341766357
273,0.4370892544587453,0.05479976534843445,7.415062586466471,7.130547523498535
274,0.4370892544587453,0.05479976534843445,8.03298446867201,7.161731243133545
275,0.4370892544587453,0.05479976534843445,8.65090635087755,7.193577289581299
276,0.4370892544587453,0.05479976534843445,9.268828233083088,7.225197792053223
277,0.4370892544587453,0.05479976534843445,9.886750115288628,7.245914459228516
278,0.4370892544587453,0.05479976534843445,10.504671997494167,7.262279510498047
279,0.4370892544587453,0.05479976534843445,11.122593879699707,7.276808738708496
280,0.4370892544587453,0.0582247506827116,5.5612969398498535,6.913507461547852
281,0.4370892544587453,0.0582247506827116,6.179218822055393,7.011505603790283
282,0.4370892544587453,0.0582247506827116,6.797140704260932,7.081607341766357
283,0.4370892544587453,0.0582247506827116,7.415062586466471,7.130547523498535
284,0.4370892544587453,0.0582247506827116,8.03298446867201,7.161731243133545
285,0.4370892544587453,0.0582247506827116,8.65090635087755,7.193577289581299
286,0.4370892544587453,0.0582247506827116,9.268828233083088,7.225197792053223
287,0.4370892544587453,0.0582247506827116,9.886750115288628,7.245914459228516
288,0.4370892544587453,0.0582247506827116,10.504671997494167,7.262279510498047
289,0.4370892544587453,0.0582247506827116,11.122593879699707,7.276808738708496
290,0.4370892544587453,0.061649736016988754,5.5612969398498535,6.913507461547852
291,0.4370892544587453,0.061649736016988754,6.179218822055393,7.011505603790283
292,0.4370892544587453,0.061649736016988754,6.797140704260932,7.081607341766357
293,0.4370892544587453,0.061649736016988754,7.415062586466471,7.130547523498535
294,0.4370892544587453,0.061649736016988754,8.03298446867201,7.161731243133545
295,0.4370892544587453,0.061649736016988754,8.65090635087755,7.193577289581299
296,0.4370892544587453,0.061649736016988754,9.268828233083088,7.225197792053223
297,0.4370892544587453,0.061649736016988754,9.886750115288628,7.245914459228516
298,0.4370892544587453,0.061649736016988754,10.504671997494167,7.262279510498047
299,0.4370892544587453,0.061649736016988754,11.122593879699707,7.276808738708496
300,0.47682464122772217,0.030824868008494377,5.5612969398498535,6.913507461547852
301,0.47682464122772217,0.030824868008494377,6.179218822055393,7.011505603790283
302,0.47682464122772217,0.030824868008494377,6.797140704260932,7.081607341766357
303,0.47682464122772217,0.030824868008494377,7.415062586466471,7.130547523498535
304,0.47682464122772217,0.030824868008494377,8.03298446867201,7.161731243133545
305,0.47682464122772217,0.030824868008494377,8.65090635087755,7.193577289581299
306,0.47682464122772217,0.030824868008494377,9.268828233083088,7.225197792053223
307,0.47682464122772217,0.030824868008494377,9.886750115288628,7.245914459228516
308,0.47682464122772217,0.030824868008494377,10.504671997494167,7.262279510498047
309,0.47682464122772217,0.030824868008494377,11.122593879699707,7.276808738708496
310,0.47682464122772217,0.03424985334277153,5.5612969398498535,6.913507461547852
311,0.47682464122772217,0.03424985334277153,6.179218822055393,7.011505603790283
312,0.47682464122772217,0.03424985334277153,6.797140704260932,7.081607341766357
313,0.47682464122772217,0.03424985334277153,7.415062586466471,7.130547523498535
314,0.47682464122772217,0.03424985334277153,8.03298446867201,7.161731243133545
315,0.47682464122772217,0.03424985334277153,8.65090635087755,7.193577289581299
316,0.47682464122772217,0.03424985334277153,9.268828233083088,7.225197792053223
317,0.47682464122772217,0.03424985334277153,9.886750115288628,7.245914459228516
318,0.47682464122772217,0.03424985334277153,10.504671997494167,7.262279510498047
319,0.47682464122772217,0.03424985334277153,11.122593879699707,7.276808738708496
320,0.47682464122772217,0.03767483867704868,5.5612969398498535,6.913507461547852
321,0.47682464122772217,0.03767483867704868,6.179218822055393,7.011505603790283
322,0.47682464122772217,0.03767483867704868,6.797140704260932,7.081607341766357
323,0.47682464122772217,0.03767483867704868,7.415062586466471,7.130547523498535
324,0.47682464122772217,0.03767483867704868,8.03298446867201,7.161731243133545
325,0.47682464122772217,0.03767483867704868,8.65090635087755,7.193577289581299
326,0.47682464122772217,0.03767483867704868,9.268828233083088,7.225197792053223
327,0.47682464122772217,0.03767483867704868,9.886750115288628,7.245914459228516
328,0.47682464122772217,0.03767483867704868,10.504671997494167,7.262279510498047
329,0.47682464122772217,0.03767483867704868,11.122593879699707,7.276808738708496
330,0.47682464122772217,0.041099824011325836,5.5612969398498535,6.913507461547852
331,0.47682464122772217,0.041099824011325836,6.179218822055393,7.011505603790283
332,0.47682464122772217,0.041099824011325836,6.797140704260932,7.081607341766357
333,0.47682464122772217,0.041099824011325836,7.415062586466471,7.130547523498535
334,0.47682464122772217,0.041099824011325836,8.03298446867201,7.161731243133545
335,0.47682464122772217,0.041099824011325836,8.65090635087755,7.193577289581299
336,0.47682464122772217,0.041099824011325836,9.268828233083088,7.225197792053223
337,0.47682464122772217,0.041099824011325836,9.886750115288628,7.245914459228516
338,0.47682464122772217,0.041099824011325836,10.504671997494167,7.262279510498047
339,0.47682464122772217,0.041099824011325836,11.122593879699707,7.276808738708496
340,0.47682464122772217,0.04452480934560299,5.5612969398498535,6.913507461547852
341,0.47682464122772217,0.04452480934560299,6.179218822055393,7.011505603790283
342,0.47682464122772217,0.04452480934560299,6.797140704260932,7.081607341766357
343,0.47682464122772217,0.04452480934560299,7.415062586466471,7.130547523498535
344,0.47682464122772217,0.04452480934560299,8.03298446867201,7.161731243133545
345,0.47682464122772217,0.04452480934560299,8.65090635087755,7.193577289581299
346,0.47682464122772217,0.04452480934560299,9.268828233083088,7.225197792053223
347,0.47682464122772217,0.04452480934560299,9.886750115288628,7.245914459228516
348,0.47682464122772217,0.04452480934560299,10.504671997494167,7.262279510498047
349,0.47682464122772217,0.04452480934560299,11.122593879699707,7.276808738708496
350,0.47682464122772217,0.04794979467988014,5.5612969398498535,6.913507461547852
351,0.47682464122772217,0.04794979467988014,6.179218822055393,7.011505603790283
352,0.47682464122772217,0.04794979467988014,6.797140704260932,7.081607341766357
353,0.47682464122772217,0.04794979467988014,7.415062586466471,7.130547523498535
354,0.47682464122772217,0.04794979467988014,8.03298446867201,7.161731243133545
355,0.47682464122772217,0.04794979467988014,8.65090635087755,7.193577289581299
356,0.47682464122772217,0.04794979467988014,9.268828233083088,7.225197792053223
357,0.47682464122772217,0.04794979467988014,9.886750115288628,7.245914459228516
358,0.47682464122772217,0.04794979467988014,10.504671997494167,7.262279510498047
359,0.47682464122772217,0.04794979467988014,11.122593879699707,7.276808738708496
360,0.47682464122772217,0.051374780014157295,5.5612969398498535,6.913507461547852
361,0.47682464122772217,0.051374780014157295,6.179218822055393,7.011505603790283
362,0.47682464122772217,0.051374780014157295,6.797140704260932,7.081607341766357
363,0.47682464122772217,0.051374780014157295,7.415062586466471,7.130547523498535
364,0.47682464122772217,0.051374780014157295,8.03298446867201,7.161731243133545
365,0.47682464122772217,0.051374780014157295,8.65090635087755,7.193577289581299
366,0.47682464122772217,0.051374780014157295,9.268828233083088,7.225197792053223
367,0.47682464122772217,0.051374780014157295,9.886750115288628,7.245914459228516
368,0.47682464122772217,0.051374780014157295,10.504671997494167,7.262279510498047
369,0.47682464122772217,0.051374780014157295,11.122593879699707,7.276808738708496
370,0.47682464122772217,0.05479976534843445,5.5612969398498535,6.913507461547852
371,0.47682464122772217,0.05479976534843445,6.179218822055393,7.011505603790283
372,0.47682464122772217,0.05479976534843445,6.797140704260932,7.081607341766357
373,0.47682464122772217,0.05479976534843445,7.415062586466471,7.130547523498535
374,0.47682464122772217,0.05479976534843445,8.03298446867201,7.161731243133545
375,0.47682464122772217,0.05479976534843445,8.65090635087755,7.193577289581299
376,0.47682464122772217,0.05479976534843445,9.268828233083088,7.225197792053223
377,0.47682464122772217,0.05479976534843445,9.886750115288628,7.245914459228516
378,0.47682464122772217,0.05479976534843445,10.504671997494167,7.262279510498047
379,0.47682464122772217,0.05479976534843445,11.122593879699707,7.276808738708496
380,0.47682464122772217,0.0582247506827116,5.5612969398498535,6.913507461547852
381,0.47682464122772217,0.0582247506827116,6.179218822055393,7.011505603790283
382,0.47682464122772217,0.0582247506827116,6.797140704260932,7.081607341766357
383,0.47682464122772217,0.0582247506827116,7.415062586466471,7.130547523498535
384,0.47682464122772217,0.0582247506827116,8.03298446867201,7.161731243133545
385,0.47682464122772217,0.0582247506827116,8.65090635087755,7.193577289581299
386,0.47682464122772217,0.0582247506827116,9.268828233083088,7.225197792053223
387,0.47682464122772217,0.0582247506827116,9.886750115288628,7.245914459228516
388,0.47682464122772217,0.0582247506827116,10.504671997494167,7.262279510498047
389,0.47682464122772217,0.0582247506827116,11.122593879699707,7.276808738708496
390,0.47682464122772217,0.061649736016988754,5.5612969398498535,6.913507461547852
391,0.47682464122772217,0.061649736016988754,6.179218822055393,7.011505603790283
392,0.47682464122772217,0.061649736016988754,6.797140704260932,7.081607341766357
393,0.47682464122772217,0.061649736016988754,7.415062586466471,7.130547523498535
394,0.47682464122772217,0.061649736016988754,8.03298446867201,7.161731243133545
395,0.47682464122772217,0.061649736016988754,8.65090635087755,7.193577289581299
396,0.47682464122772217,0.061649736016988754,9.268828233083088,7.225197792053223
397,0.47682464122772217,0.061649736016988754,9.886750115288628,7.245914459228516
398,0.47682464122772217,0.061649736016988754,10.504671997494167,7.262279510498047
399,0.47682464122772217,0.061649736016988754,11.122593879699707,7.276808738708496
400,0.516560027996699,0.030824868008494377,5.5612969398498535,6.913507461547852
401,0.516560027996699,0.030824868008494377,6.179218822055393,7.011505603790283
402,0.516560027996699,0.030824868008494377,6.797140704260932,7.081607341766357
403,0.516560027996699,0.030824868008494377,7.415062586466471,7.130547523498535
404,0.516560027996699,0.030824868008494377,8.03298446867201,7.161731243133545
405,0.516560027996699,0.030824868008494377,8.65090635087755,7.193577289581299
406,0.516560027996699,0.030824868008494377,9.268828233083088,7.225197792053223
407,0.516560027996699,0.030824868008494377,9.886750115288628,7.245914459228516
408,0.516560027996699,0.030824868008494377,10.504671997494167,7.262279510498047
409,0.516560027996699,0.030824868008494377,11.122593879699707,7.276808738708496
410,0.516560027996699,0.03424985334277153,5.5612969398498535,6.913507461547852
411,0.516560027996699,0.03424985334277153,6.179218822055393,7.011505603790283
412,0.516560027996699,0.03424985334277153,6.797140704260932,7.081607341766357
413,0.516560027996699,0.03424985334277153,7.415062586466471,7.130547523498535
414,0.516560027996699,0.03424985334277153,8.03298446867201,7.161731243133545
415,0.516560027996699,0.03424985334277153,8.65090635087755,7.193577289581299
416,0.516560027996699,0.03424985334277153,9.268828233083088,7.225197792053223
417,0.516560027996699,0.03424985334277153,9.886750115288628,7.245914459228516
418,0.516560027996699,0.03424985334277153,10.504671997494167,7.262279510498047
419,0.516560027996699,0.03424985334277153,11.122593879699707,7.276808738708496
420,0.516560027996699,0.03767483867704868,5.5612969398498535,6.913507461547852
421,0.516560027996699,0.03767483867704868,6.179218822055393,7.011505603790283
422,0.516560027996699,0.03767483867704868,6.797140704260932,7.081607341766357
423,0.516560027996699,0.03767483867704868,7.415062586466471,7.130547523498535
424,0.516560027996699,0.03767483867704868,8.03298446867201,7.161731243133545
425,0.516560027996699,0.03767483867704868,8.65090635087755,7.193577289581299
426,0.516560027996699,0.03767483867704868,9.268828233083088,7.225197792053223
427,0.516560027996699,0.03767483867704868,9.886750115288628,7.245914459228516
428,0.516560027996699,0.03767483867704868,10.504671997494167,7.262279510498047
429,0.516560027996699,0.03767483867704868,11.122593879699707,7.276808738708496
430,0.516560027996699,0.041099824011325836,5.5612969398498535,6.913507461547852
431,0.516560027996699,0.041099824011325836,6.179218822055393,7.011505603790283
432,0.516560027996699,0.041099824011325836,6.797140704260932,7.081607341766357
433,0.516560027996699,0.041099824011325836,7.415062586466471,7.130547523498535
434,0.516560027996699,0.041099824011325836,8.03298446867201,7.161731243133545
435,0.516560027996699,0.041099824011325836,8.65090635087755,7.193577289581299
436,0.516560027996699,0.041099824011325836,9.268828233083088,7.225197792053223
437,0.516560027996699,0.041099824011325836,9.886750115288628,7.245914459228516
438,0.516560027996699,0.041099824011325836,10.504671997494167,7.262279510498047
439,0.516560027996699,0.041099824011325836,11.122593879699707,7.276808738708496
440,0.516560027996699,0.04452480934560299,5.5612969398498535,6.913507461547852
441,0.516560027996699,0.04452480934560299,6.179218822055393,7.011505603790283
442,0.516560027996699,0.04452480934560299,6.797140704260932,7.081607341766357
443,0.516560027996699,0.04452480934560299,7.415062586466471,7.130547523498535
444,0.516560027996699,0.04452480934560299,8.03298446867201,7.161731243133545
445,0.516560027996699,0.04452480934560299,8.65090635087755,7.193577289581299
446,0.516560027996699,0.04452480934560299,9.268828233083088,7.225197792053223
447,0.516560027996699,0.04452480934560299,9.886750115288628,7.245914459228516
448,0.516560027996699,0.04452480934560299,10.504671997494167,7.262279510498047
449,0.516560027996699,0.04452480934560299,11.122593879699707,7.276808738708496
450,0.516560027996699,0.04794979467988014,5.5612969398498535,6.913507461547852
451,0.516560027996699,0.04794979467988014,6.179218822055393,7.011505603790283
452,0.516560027996699,0.04794979467988014,6.797140704260932,7.081607341766357
453,0.516560027996699,0.04794979467988014,7.415062586466471,7.130547523498535
454,0.516560027996699,0.04794979467988014,8.03298446867201,7.161731243133545
455,0.516560027996699,0.04794979467988014,8.65090635087755,7.193577289581299
456,0.516560027996699,0.04794979467988014,9.268828233083088,7.225197792053223
457,0.516560027996699,0.04794979467988014,9.886750115288628,7.245914459228516
458,0.516560027996699,0.04794979467988014,10.504671997494167,7.262279510498047
459,0.516560027996699,0.04794979467988014,11.122593879699707,7.276808738708496
460,0.516560027996699,0.051374780014157295,5.5612969398498535,6.913507461547852
461,0.516560027996699,0.051374780014157295,6.179218822055393,7.011505603790283
462,0.516560027996699,0.051374780014157295,6.797140704260932,7.081607341766357
463,0.516560027996699,0.051374780014157295,7.415062586466471,7.130547523498535
464,0.516560027996699,0.051374780014157295,8.03298446867201,7.161731243133545
465,0.516560027996699,0.051374780014157295,8.65090635087755,7.193577289581299
466,0.516560027996699,0.051374780014157295,9.268828233083088,7.225197792053223
467,0.516560027996699,0.051374780014157295,9.886750115288628,7.245914459228516
468,0.516560027996699,0.051374780014157295,10.504671997494167,7.262279510498047
469,0.516560027996699,0.051374780014157295,11.122593879699707,7.276808738708496
470,0.516560027996699,0.05479976534843445,5.5612969398498535,6.913507461547852
471,0.516560027996699,0.05479976534843445,6.179218822055393,7.011505603790283
472,0.516560027996699,0.05479976534843445,6.797140704260932,7.081607341766357
473,0.516560027996699,0.05479976534843445,7.415062586466471,7.130547523498535
474,0.516560027996699,0.05479976534843445,8.03298446867201,7.161731243133545
475,0.516560027996699,0.05479976534843445,8.65090635087755,7.193577289581299
476,0.516560027996699,0.05479976534843445,9.268828233083088,7.225197792053223
477,0.516560027996699,0.05479976534843445,9.886750115288628,7.245914459228516
478,0.516560027996699,0.05479976534843445,10.504671997494167,7.262279510498047
479,0.516560027996699,0.05479976534843445,11.122593879699707,7.276808738708496
480,0.516560027996699,0.0582247506827116,5.5612969398498535,6.913507461547852
481,0.516560027996699,0.0582247506827116,6.179218822055393,7.011505603790283
482,0.516560027996699,0.0582247506827116,6.797140704260932,7.081607341766357
483,0.516560027996699,0.0582247506827116,7.415062586466471,7.130547523498535
484,0.516560027996699,0.0582247506827116,8.03298446867201,7.161731243133545
485,0.516560027996699,0.0582247506827116,8.65090635087755,7.193577289581299
486,0.516560027996699,0.0582247506827116,9.268828233083088,7.225197792053223
487,0.516560027996699,0.0582247506827116,9.886750115288628,7.245914459228516
488,0.516560027996699,0.0582247506827116,10.504671997494167,7.262279510498047
489,0.516560027996699,0.0582247506827116,11.122593879699707,7.276808738708496
490,0.516560027996699,0.061649736016988754,5.5612969398498535,6.913507461547852
491,0.516560027996699,0.061649736016988754,6.179218822055393,7.011505603790283
492,0.516560027996699,0.061649736016988754,6.797140704260932,7.081607341766357
493,0.516560027996699,0.061649736016988754,7.415062586466471,7.130547523498535
494,0.516560027996699,0.061649736016988754,8.03298446867201,7.161731243133545
495,0.516560027996699,0.061649736016988754,8.65090635087755,7.193577289581299
496,0.516560027996699,0.061649736016988754,9.268828233083088,7.225197792053223
497,0.516560027996699,0.061649736016988754,9.886750115288628,7.245914459228516
498,0.516560027996699,0.061649736016988754,10.504671997494167,7.262279510498047
499,0.516560027996699,0.061649736016988754,11.122593879699707,7.276808738708496
500,0.5562954147656758,0.030824868008494377,5.5612969398498535,6.913507461547852
501,0.5562954147656758,0.030824868008494377,6.179218822055393,7.011505603790283
502,0.5562954147656758,0.030824868008494377,6.797140704260932,7.081607341766357
503,0.5562954147656758,0.030824868008494377,7.415062586466471,7.130547523498535
504,0.5562954147656758,0.030824868008494377,8.03298446867201,7.161731243133545
505,0.5562954147656758,0.030824868008494377,8.65090635087755,7.193577289581299
506,0.5562954147656758,0.030824868008494377,9.268828233083088,7.225197792053223
507,0.5562954147656758,0.030824868008494377,9.886750115288628,7.245914459228516
508,0.5562954147656758,0.030824868008494377,10.504671997494167,7.262279510498047
509,0.5562954147656758,0.030824868008494377,11.122593879699707,7.276808738708496
510,0.5562954147656758,0.03424985334277153,5.5612969398498535,6.913507461547852
511,0.5562954147656758,0.03424985334277153,6.179218822055393,7.011505603790283
512,0.5562954147656758,0.03424985334277153,6.797140704260932,7.081607341766357
513,0.5562954147656758,0.03424985334277153,7.415062586466471,7.130547523498535
514,0.5562954147656758,0.03424985334277153,8.03298446867201,7.161731243133545
515,0.5562954147656758,0.03424985334277153,8.65090635087755,7.193577289581299
516,0.5562954147656758,0.03424985334277153,9.268828233083088,7.225197792053223
517,0.5562954147656758,0.03424985334277153,9.886750115288628,7.245914459228516
518,0.5562954147656758,0.03424985334277153,10.504671997494167,7.262279510498047
519,0.5562954147656758,0.03424985334277153,11.122593879699707,7.276808738708496
520,0.5562954147656758,0.03767483867704868,5.5612969398498535,6.913507461547852
521,0.5562954147656758,0.03767483867704868,6.179218822055393,7.011505603790283
522,0.5562954147656758,0.03767483867704868,6.797140704260932,7.081607341766357
523,0.5562954147656758,0.03767483867704868,7.415062586466471,7.130547523498535
524,0.5562954147656758,0.03767483867704868,8.03298446867201,7.161731243133545
525,0.5562954147656758,0.03767483867704868,8.65090635087755,7.193577289581299
526,0.5562954147656758,0.03767483867704868,9.268828233083088,7.225197792053223
527,0.5562954147656758,0.03767483867704868,9.886750115288628,7.245914459228516
528,0.5562954147656758,0.03767483867704868,10.504671997494167,7.262279510498047
529,0.5562954147656758,0.03767483867704868,11.122593879699707,7.276808738708496
530,0.5562954147656758,0.041099824011325836,5.5612969398498535,6.913507461547852
531,0.5562954147656758,0.041099824011325836,6.179218822055393,7.011505603790283
532,0.5562954147656758,0.041099824011325836,6.797140704260932,7.081607341766357
533,0.5562954147656758,0.041099824011325836,7.415062586466471,7.130547523498535
534,0.5562954147656758,0.041099824011325836,8.03298446867201,7.161731243133545
535,0.5562954147656758,0.041099824011325836,8.65090635087755,7.193577289581299
536,0.5562954147656758,0.041099824011325836,9.268828233083088,7.225197792053223
537,0.5562954147656758,0.041099824011325836,9.886750115288628,7.245914459228516
538,0.5562954147656758,0.041099824011325836,10.504671997494167,7.262279510498047
539,0.5562954147656758,0.041099824011325836,11.122593879699707,7.276808738708496
540,0.5562954147656758,0.04452480934560299,5.5612969398498535,6.913507461547852
541,0.5562954147656758,0.04452480934560299,6.179218822055393,7.011505603790283
542,0.5562954147656758,0.04452480934560299,6.797140704260932,7.081607341766357
543,0.5562954147656758,0.04452480934560299,7.415062586466471,7.130547523498535
544,0.5562954147656758,0.04452480934560299,8.03298446867201,7.161731243133545
545,0.5562954147656758,0.04452480934560299,8.65090635087755,7.193577289581299
546,0.5562954147656758,0.04452480934560299,9.268828233083088,7.225197792053223
547,0.5562954147656758,0.04452480934560299,9.886750115288628,7.245914459228516
548,0.5562954147656758,0.04452480934560299,10.504671997494167,7.262279510498047
549,0.5562954147656758,0.04452480934560299,11.122593879699707,7.276808738708496
550,0.5562954147656758,0.04794979467988014,5.5612969398498535,6.913507461547852
551,0.5562954147656758,0.04794979467988014,6.179218822055393,7.011505603790283
552,0.5562954147656758,0.04794979467988014,6.797140704260932,7.081607341766357
553,0.5562954147656758,0.04794979467988014,7.415062586466471,7.130547523498535
554,0.5562954147656758,0.04794979467988014,8.03298446867201,7.161731243133545
555,0.5562954147656758,0.04794979467988014,8.65090635087755,7.193577289581299
556,0.5562954147656758,0.04794979467988014,9.268828233083088,7.225197792053223
557,0.5562954147656758,0.04794979467988014,9.886750115288628,7.245914459228516
558,0.5562954147656758,0.04794979467988014,10.504671997494167,7.262279510498047
559,0.5562954147656758,0.04794979467988014,11.122593879699707,7.276808738708496
560,0.5562954147656758,0.051374780014157295,5.5612969398498535,6.913507461547852
561,0.5562954147656758,0.051374780014157295,6.179218822055393,7.011505603790283
562,0.5562954147656758,0.051374780014157295,6.797140704260932,7.081607341766357
563,0.5562954147656758,0.051374780014157295,7.415062586466471,7.130547523498535
564,0.5562954147656758,0.051374780014157295,8.03298446867201,7.161731243133545
565,0.5562954147656758,0.051374780014157295,8.65090635087755,7.193577289581299
566,0.5562954147656758,0.051374780014157295,9.268828233083088,7.225197792053223
567,0.5562954147656758,0.051374780014157295,9.886750115288628,7.245914459228516
568,0.5562954147656758,0.051374780014157295,10.504671997494167,7.262279510498047
569,0.5562954147656758,0.051374780014157295,11.122593879699707,7.276808738708496
570,0.5562954147656758,0.05479976534843445,5.5612969398498535,6.913507461547852
571,0.5562954147656758,0.05479976534843445,6.179218822055393,7.011505603790283
572,0.5562954147656758,0.05479976534843445,6.797140704260932,7.081607341766357
573,0.5562954147656758,0.05479976534843445,7.415062586466471,7.130547523498535
574,0.5562954147656758,0.05479976534843445,8.03298446867201,7.161731243133545
575,0.5562954147656758,0.05479976534843445,8.65090635087755,7.193577289581299
576,0.5562954147656758,0.05479976534843445,9.268828233083088,7.225197792053223
577,0.5562954147656758,0.05479976534843445,9.886750115288628,7.245914459228516
578,0.5562954147656758,0.05479976534843445,10.504671997494167,7.262279510498047
579,0.5562954147656758,0.05479976534843445,11.122593879699707,7.276808738708496
580,0.5562954147656758,0.0582247506827116,5.5612969398498535,6.913507461547852
581,0.5562954147656758,0.0582247506827116,6.179218822055393,7.011505603790283
582,0.5562954147656758,0.0582247506827116,6.797140704260932,7.081607341766357
583,0.5562954147656758,0.0582247506827116,7.415062586466471,7.130547523498535
584,0.5562954147656758,0.0582247506827116,8.03298446867201,7.161731243133545
585,0.5562954147656758,0.0582247506827116,8.65090635087755,7.193577289581299
586,0.5562954147656758,0.0582247506827116,9.268828233083088,7.225197792053223
587,0.5562954147656758,0.0582247506827116,9.886750115288628,7.245914459228516
588,0.5562954147656758,0.0582247506827116,10.504671997494167,7.262279510498047
589,0.5562954147656758,0.0582247506827116,11.122593879699707,7.276808738708496
590,0.5562954147656758,0.061649736016988754,5.5612969398498535,6.913507461547852
591,0.5562954147656758,0.061649736016988754,6.179218822055393,7.011505603790283
592,0.5562954147656758,0.061649736016988754,6.797140704260932,7.081607341766357
593,0.5562954147656758,0.061649736016988754,7.415062586466471,7.130547523498535
594,0.5562954147656758,0.061649736016988754,8.03298446867201,7.161731243133545
595,0.5562954147656758,0.061649736016988754,8.65090635087755,7.193577289581299
596,0.5562954147656758,0.061649736016988754,9.268828233083088,7.225197792053223
597,0.5562954147656758,0.061649736016988754,9.886750115288628,7.245914459228516
598,0.5562954147656758,0.061649736016988754,10.504671997494167,7.262279510498047
599,0.5562954147656758,0.061649736016988754,11.122593879699707,7.276808738708496
600,0.5960308015346527,0.030824868008494377,5.5612969398498535,6.913507461547852
601,0.5960308015346527,0.030824868008494377,6.179218822055393,7.011505603790283
602,0.5960308015346527,0.030824868008494377,6.797140704260932,7.081607341766357
603,0.5960308015346527,0.030824868008494377,7.415062586466471,7.130547523498535
604,0.5960308015346527,0.030824868008494377,8.03298446867201,7.161731243133545
605,0.5960308015346527,0.030824868008494377,8.65090635087755,7.193577289581299
606,0.5960308015346527,0.030824868008494377,9.268828233083088,7.225197792053223
607,0.5960308015346527,0.030824868008494377,9.886750115288628,7.245914459228516
608,0.5960308015346527,0.030824868008494377,10.504671997494167,7.262279510498047
609,0.5960308015346527,0.030824868008494377,11.122593879699707,7.276808738708496
610,0.5960308015346527,0.03424985334277153,5.5612969398498535,6.913507461547852
611,0.5960308015346527,0.03424985334277153,6.179218822055393,7.011505603790283
612,0.5960308015346527,0.03424985334277153,6.797140704260932,7.081607341766357
613,0.5960308015346527,0.03424985334277153,7.415062586466471,7.130547523498535
614,0.5960308015346527,0.03424985334277153,8.03298446867201,7.161731243133545
615,0.5960308015346527,0.03424985334277153,8.65090635087755,7.193577289581299
616,0.5960308015346527,0.03424985334277153,9.268828233083088,7.225197792053223
617,0.5960308015346527,0.03424985334277153,9.886750115288628,7.245914459228516
618,0.5960308015346527,0.03424985334277153,10.504671997494167,7.262279510498047
619,0.5960308015346527,0.03424985334277153,11.122593879699707,7.276808738708496
620,0.5960308015346527,0.03767483867704868,5.5612969398498535,6.913507461547852
621,0.5960308015346527,0.03767483867704868,6.179218822055393,7.011505603790283
622,0.5960308015346527,0.03767483867704868,6.797140704260932,7.081607341766357
623,0.5960308015346527,0.03767483867704868,7.415062586466471,7.130547523498535
624,0.5960308015346527,0.03767483867704868,8.03298446867201,7.161731243133545
625,0.5960308015346527,0.03767483867704868,8.65090635087755,7.193577289581299
626,0.5960308015346527,0.03767483867704868,9.268828233083088,7.225197792053223
627,0.5960308015346527,0.03767483867704868,9.886750115288628,7.245914459228516
628,0.5960308015346527,0.03767483867704868,10.504671997494167,7.262279510498047
629,0.5960308015346527,0.03767483867704868,11.122593879699707,7.276808738708496
630,0.5960308015346527,0.041099824011325836,5.5612969398498535,6.913507461547852
631,0.5960308015346527,0.041099824011325836,6.179218822055393,7.011505603790283
632,0.5960308015346527,0.041099824011325836,6.797140704260932,7.081607341766357
633,0.5960308015346527,0.041099824011325836,7.415062586466471,7.130547523498535
634,0.5960308015346527,0.041099824011325836,8.03298446867201,7.161731243133545
635,0.5960308015346527,0.041099824011325836,8.65090635087755,7.193577289581299
636,0.5960308015346527,0.041099824011325836,9.268828233083088,7.225197792053223
637,0.5960308015346527,0.041099824011325836,9.886750115288628,7.245914459228516
638,0.5960308015346527,0.041099824011325836,10.504671997494167,7.262279510498047
639,0.5960308015346527,0.041099824011325836,11.122593879699707,7.276808738708496
640,0.5960308015346527,0.04452480934560299,5.5612969398498535,6.913507461547852
641,0.5960308015346527,0.04452480934560299,6.179218822055393,7.011505603790283
642,0.5960308015346527,0.04452480934560299,6.797140704260932,7.081607341766357
643,0.5960308015346527,0.04452480934560299,7.415062586466471,7.130547523498535
644,0.5960308015346527,0.04452480934560299,8.03298446867201,7.161731243133545
645,0.5960308015346527,0.04452480934560299,8.65090635087755,7.193577289581299
646,0.5960308015346527,0.04452480934560299,9.268828233083088,7.225197792053223
647,0.5960308015346527,0.04452480934560299,9.886750115288628,7.245914459228516
648,0.5960308015346527,0.04452480934560299,10.504671997494167,7.262279510498047
649,0.5960308015346527,0.04452480934560299,11.122593879699707,7.276808738708496
650,0.5960308015346527,0.04794979467988014,5.5612969398498535,6.913507461547852
651,0.5960308015346527,0.04794979467988014,6.179218822055393,7.011505603790283
652,0.5960308015346527,0.04794979467988014,6.797140704260932,7.081607341766357
653,0.5960308015346527,0.04794979467988014,7.415062586466471,7.130547523498535
654,0.5960308015346527,0.04794979467988014,8.03298446867201,7.161731243133545
655,0.5960308015346527,0.04794979467988014,8.65090635087755,7.193577289581299
656,0.5960308015346527,0.04794979467988014,9.268828233083088,7.225197792053223
657,0.5960308015346527,0.04794979467988014,9.886750115288628,7.245914459228516
658,0.5960308015346527,0.04794979467988014,10.504671997494167,7.262279510498047
659,0.5960308015346527,0.04794979467988014,11.122593879699707,7.276808738708496
660,0.5960308015346527,0.051374780014157295,5.5612969398498535,6.913507461547852
661,0.5960308015346527,0.051374780014157295,6.179218822055393,7.011505603790283
662,0.5960308015346527,0.051374780014157295,6.797140704260932,7.081607341766357
663,0.5960308015346527,0.051374780014157295,7.415062586466471,7.130547523498535
664,0.5960308015346527,0.051374780014157295,8.03298446867201,7.161731243133545
665,0.5960308015346527,0.051374780014157295,8.65090635087755,7.193577289581299
666,0.5960308015346527,0.051374780014157295,9.268828233083088,7.225197792053223
667,0.5960308015346527,0.051374780014157295,9.886750115288628,7.245914459228516
668,0.5960308015346527,0.051374780014157295,10.504671997494167,7.262279510498047
669,0.5960308015346527,0.051374780014157295,11.122593879699707,7.276808738708496
670,0.5960308015346527,0.05479976534843445,5.5612969398498535,6.913507461547852
671,0.5960308015346527,0.05479976534843445,6.179218822055393,7.011505603790283
672,0.5960308015346527,0.05479976534843445,6.797140704260932,7.081607341766357
673,0.5960308015346527,0.05479976534843445,7.415062586466471,7.130547523498535
674,0.5960308015346527,0.05479976534843445,8.03298446867201,7.161731243133545
675,0.5960308015346527,0.05479976534843445,8.65090635087755,7.193577289581299
676,0.5960308015346527,0.05479976534843445,9.268828233083088,7.225197792053223
677,0.5960308015346527,0.05479976534843445,9.886750115288628,7.245914459228516
678,0.5960308015346527,0.05479976534843445,10.504671997494167,7.262279510498047
679,0.5960308015346527,0.05479976534843445,11.122593879699707,7.276808738708496
680,0.5960308015346527,0.0582247506827116,5.5612969398498535,6.913507461547852
681,0.5960308015346527,0.0582247506827116,6.179218822055393,7.011505603790283
682,0.5960308015346527,0.0582247506827116,6.797140704260932,7.081607341766357
683,0.5960308015346527,0.0582247506827116,7.415062586466471,7.130547523498535
684,0.5960308015346527,0.0582247506827116,8.03298446867201,7.161731243133545
685,0.5960308015346527,0.0582247506827116,8.65090635087755,7.193577289581299
686,0.5960308015346527,0.0582247506827116,9.268828233083088,7.225197792053223
687,0.5960308015346527,0.0582247506827116,9.886750115288628,7.245914459228516
688,0.5960308015346527,0.0582247506827116,10.504671997494167,7.262279510498047
689,0.5960308015346527,0.0582247506827116,11.122593879699707,7.276808738708496
690,0.5960308015346527,0.061649736016988754,5.5612969398498535,6.913507461547852
691,0.5960308015346527,0.061649736016988754,6.179218822055393,7.011505603790283
692,0.5960308015346527,0.061649736016988754,6.797140704260932,7.081607341766357
693,0.5960308015346527,0.061649736016988754,7.415062586466471,7.130547523498535
694,0.5960308015346527,0.061649736016988754,8.03298446867201,7.161731243133545
695,0.5960308015346527,0.061649736016988754,8.65090635087755,7.193577289581299
696,0.5960308015346527,0.061649736016988754,9.268828233083088,7.225197792053223
697,0.5960308015346527,0.061649736016988754,9.886750115288628,7.245914459228516
698,0.5960308015346527,0.061649736016988754,10.504671997494167,7.262279510498047
699,0.5960308015346527,0.061649736016988754,11.122593879699707,7.276808738708496
700,0.6357661883036295,0.030824868008494377,5.5612969398498535,6.913507461547852
701,0.6357661883036295,0.030824868008494377,6.179218822055393,7.011505603790283
702,0.6357661883036295,0.030824868008494377,6.797140704260932,7.081607341766357
703,0.6357661883036295,0.030824868008494377,7.415062586466471,7.130547523498535
704,0.6357661883036295,0.030824868008494377,8.03298446867201,7.161731243133545
705,0.6357661883036295,0.030824868008494377,8.65090635087755,7.193577289581299
706,0.6357661883036295,0.030824868008494377,9.268828233083088,7.225197792053223
707,0.6357661883036295,0.030824868008494377,9.886750115288628,7.245914459228516
708,0.6357661883036295,0.030824868008494377,10.504671997494167,7.262279510498047
709,0.6357661883036295,0.030824868008494377,11.122593879699707,7.276808738708496
710,0.6357661883036295,0.03424985334277153,5.5612969398498535,6.913507461547852
711,0.6357661883036295,0.03424985334277153,6.179218822055393,7.011505603790283
712,0.6357661883036295,0.03424985334277153,6.797140704260932,7.081607341766357
713,0.6357661883036295,0.03424985334277153,7.415062586466471,7.130547523498535
714,0.6357661883036295,0.03424985334277153,8.03298446867201,7.161731243133545
715,0.6357661883036295,0.03424985334277153,8.65090635087755,7.193577289581299
716,0.6357661883036295,0.03424985334277153,9.268828233083088,7.225197792053223
717,0.6357661883036295,0.03424985334277153,9.886750115288628,7.245914459228516
718,0.6357661883036295,0.03424985334277153,10.504671997494167,7.262279510498047
719,0.6357661883036295,0.03424985334277153,11.122593879699707,7.276808738708496
720,0.6357661883036295,0.03767483867704868,5.5612969398498535,6.913507461547852
721,0.6357661883036295,0.03767483867704868,6.179218822055393,7.011505603790283
722,0.6357661883036295,0.03767483867704868,6.797140704260932,7.081607341766357
723,0.6357661883036295,0.03767483867704868,7.415062586466471,7.130547523498535
724,0.6357661883036295,0.03767483867704868,8.03298446867201,7.161731243133545
725,0.6357661883036295,0.03767483867704868,8.65090635087755,7.193577289581299
726,0.6357661883036295,0.03767483867704868,9.268828233083088,7.225197792053223
727,0.6357661883036295,0.03767483867704868,9.886750115288628,7.245914459228516
728,0.6357661883036295,0.03767483867704868,10.504671997494167,7.262279510498047
729,0.6357661883036295,0.03767483867704868,11.122593879699707,7.276808738708496
730,0.6357661883036295,0.041099824011325836,5.5612969398498535,6.913507461547852
731,0.6357661883036295,0.041099824011325836,6.179218822055393,7.011505603790283
732,0.6357661883036295,0.041099824011325836,6.797140704260932,7.081607341766357
733,0.6357661883036295,0.041099824011325836,7.415062586466471,7.130547523498535
734,0.6357661883036295,0.041099824011325836,8.03298446867201,7.161731243133545
735,0.6357661883036295,0.041099824011325836,8.65090635087755,7.193577289581299
736,0.6357661883036295,0.041099824011325836,9.268828233083088,7.225197792053223
737,0.6357661883036295,0.041099824011325836,9.886750115288628,7.245914459228516
738,0.6357661883036295,0.041099824011325836,10.504671997494167,7.262279510498047
739,0.6357661883036295,0.041099824011325836,11.122593879699707,7.276808738708496
740,0.6357661883036295,0.04452480934560299,5.5612969398498535,6.913507461547852
741,0.6357661883036295,0.04452480934560299,6.179218822055393,7.011505603790283
742,0.6357661883036295,0.04452480934560299,6.797140704260932,7.081607341766357
743,0.6357661883036295,0.04452480934560299,7.415062586466471,7.130547523498535
744,0.6357661883036295,0.04452480934560299,8.03298446867201,7.161731243133545
745,0.6357661883036295,0.04452480934560299,8.65090635087755,7.193577289581299
746,0.6357661883036295,0.04452480934560299,9.268828233083088,7.225197792053223
747,0.6357661883036295,0.04452480934560299,9.886750115288628,7.245914459228516
748,0.6357661883036295,0.04452480934560299,10.504671997494167,7.262279510498047
749,0.6357661883036295,0.04452480934560299,11.122593879699707,7.276808738708496
750,0.6357661883036295,0.04794979467988014,5.5612969398498535,6.913507461547852
751,0.6357661883036295,0.04794979467988014,6.179218822055393,7.011505603790283
752,0.6357661883036295,0.04794979467988014,6.797140704260932,7.081607341766357
753,0.6357661883036295,0.04794979467988014,7.415062586466471,7.130547523498535
754,0.6357661883036295,0.04794979467988014,8.03298446867201,7.161731243133545
755,0.6357661883036295,0.04794979467988014,8.65090635087755,7.193577289581299
756,0.6357661883036295,0.04794979467988014,9.268828233083088,7.225197792053223
757,0.6357661883036295,0.04794979467988014,9.886750115288628,7.245914459228516
758,0.6357661883036295,0.04794979467988014,10.504671997494167,7.262279510498047
759,0.6357661883036295,0.04794979467988014,11.122593879699707,7.276808738708496
760,0.6357661883036295,0.051374780014157295,5.5612969398498535,6.913507461547852
761,0.6357661883036295,0.051374780014157295,6.179218822055393,7.011505603790283
762,0.6357661883036295,0.051374780014157295,6.797140704260932,7.081607341766357
763,0.6357661883036295,0.051374780014157295,7.415062586466471,7.130547523498535
764,0.6357661883036295,0.051374780014157295,8.03298446867201,7.161731243133545
765,0.6357661883036295,0.051374780014157295,8.65090635087755,7.193577289581299
766,0.6357661883036295,0.051374780014157295,9.268828233083088,7.225197792053223
767,0.6357661883036295,0.051374780014157295,9.886750115288628,7.245914459228516
768,0.6357661883036295,0.051374780014157295,10.504671997494167,7.262279510498047
769,0.6357661883036295,0.051374780014157295,11.122593879699707,7.276808738708496
770,0.6357661883036295,0.05479976534843445,5.5612969398498535,6.913507461547852
771,0.6357661883036295,0.05479976534843445,6.179218822055393,7.011505603790283
772,0.6357661883036295,0.05479976534843445,6.797140704260932,7.081607341766357
773,0.6357661883036295,0.05479976534843445,7.415062586466471,7.130547523498535
774,0.6357661883036295,0.05479976534843445,8.03298446867201,7.161731243133545
775,0.6357661883036295,0.05479976534843445,8.65090635087755,7.193577289581299
776,0.6357661883036295,0.05479976534843445,9.268828233083088,7.225197792053223
777,0.6357661883036295,0.05479976534843445,9.886750115288628,7.245914459228516
778,0.6357661883036295,0.05479976534843445,10.504671997494167,7.262279510498047
779,0.6357661883036295,0.05479976534843445,11.122593879699707,7.276808738708496
780,0.6357661883036295,0.0582247506827116,5.5612969398498535,6.913507461547852
781,0.6357661883036295,0.0582247506827116,6.179218822055393,7.011505603790283
782,0.6357661883036295,0.0582247506827116,6.797140704260932,7.081607341766357
783,0.6357661883036295,0.0582247506827116,7.415062586466471,7.130547523498535
784,0.6357661883036295,0.0582247506827116,8.03298446867201,7.161731243133545
785,0.6357661883036295,0.0582247506827116,8.65090635087755,7.193577289581299
786,0.6357661883036295,0.0582247506827116,9.268828233083088,7.225197792053223
787,0.6357661883036295,0.0582247506827116,9.886750115288628,7.245914459228516
788,0.6357661883036295,0.0582247506827116,10.504671997494167,7.262279510498047
789,0.6357661883036295,0.0582247506827116,11.122593879699707,7.276808738708496
790,0.6357661883036295,0.061649736016988754,5.5612969398498535,6.913507461547852
791,0.6357661883036295,0.061649736016988754,6.179218822055393,7.011505603790283
792,0.6357661883036295,0.061649736016988754,6.797140704260932,7.081607341766357
793,0.6357661883036295,0.061649736016988754,7.415062586466471,7.130547523498535
794,0.6357661883036295,0.061649736016988754,8.03298446867201,7.161731243133545
795,0.6357661883036295,0.061649736016988754,8.65090635087755,7.193577289581299
796,0.6357661883036295,0.061649736016988754,9.268828233083088,7.225197792053223
797,0.6357661883036295,0.061649736016988754,9.886750115288628,7.245914459228516
798,0.6357661883036295,0.061649736016988754,10.504671997494167,7.262279510498047
799,0.6357661883036295,0.061649736016988754,11.122593879699707,7.276808738708496
800,0.6755015750726063,0.030824868008494377,5.5612969398498535,6.913507461547852
801,0.6755015750726063,0.030824868008494377,6.179218822055393,7.011505603790283
802,0.6755015750726063,0.030824868008494377,6.797140704260932,7.081607341766357
803,0.6755015750726063,0.030824868008494377,7.415062586466471,7.130547523498535
804,0.6755015750726063,0.030824868008494377,8.03298446867201,7.161731243133545
805,0.6755015750726063,0.030824868008494377,8.65090635087755,7.193577289581299
806,0.6755015750726063,0.030824868008494377,9.268828233083088,7.225197792053223
807,0.6755015750726063,0.030824868008494377,9.886750115288628,7.245914459228516
808,0.6755015750726063,0.030824868008494377,10.504671997494167,7.262279510498047
809,0.6755015750726063,0.030824868008494377,11.122593879699707,7.276808738708496
810,0.6755015750726063,0.03424985334277153,5.5612969398498535,6.913507461547852
811,0.6755015750726063,0.03424985334277153,6.179218822055393,7.011505603790283
812,0.6755015750726063,0.03424985334277153,6.797140704260932,7.081607341766357
813,0.6755015750726063,0.03424985334277153,7.415062586466471,7.130547523498535
814,0.6755015750726063,0.03424985334277153,8.03298446867201,7.161731243133545
815,0.6755015750726063,0.03424985334277153,8.65090635087755,7.193577289581299
816,0.6755015750726063,0.03424985334277153,9.268828233083088,7.225197792053223
817,0.6755015750726063,0.03424985334277153,9.886750115288628,7.245914459228516
818,0.6755015750726063,0.03424985334277153,10.504671997494167,7.262279510498047
819,0.6755015750726063,0.03424985334277153,11.122593879699707,7.276808738708496
820,0.6755015750726063,0.03767483867704868,5.5612969398498535,6.913507461547852
821,0.6755015750726063,0.03767483867704868,6.179218822055393,7.011505603790283
822,0.6755015750726063,0.03767483867704868,6.797140704260932,7.081607341766357
823,0.6755015750726063,0.03767483867704868,7.415062586466471,7.130547523498535
824,0.6755015750726063,0.03767483867704868,8.03298446867201,7.161731243133545
825,0.6755015750726063,0.03767483867704868,8.65090635087755,7.193577289581299
826,0.6755015750726063,0.03767483867704868,9.268828233083088,7.225197792053223
827,0.6755015750726063,0.03767483867704868,9.886750115288628,7.245914459228516
828,0.6755015750726063,0.03767483867704868,10.504671997494167,7.262279510498047
829,0.6755015750726063,0.03767483867704868,11.122593879699707,7.276808738708496
830,0.6755015750726063,0.041099824011325836,5.5612969398498535,6.913507461547852
831,0.6755015750726063,0.041099824011325836,6.179218822055393,7.011505603790283
832,0.6755015750726063,0.041099824011325836,6.797140704260932,7.081607341766357
833,0.6755015750726063,0.041099824011325836,7.415062586466471,7.130547523498535
834,0.6755015750726063,0.041099824011325836,8.03298446867201,7.161731243133545
835,0.6755015750726063,0.041099824011325836,8.65090635087755,7.193577289581299
836,0.6755015750726063,0.041099824011325836,9.268828233083088,7.225197792053223
837,0.6755015750726063,0.041099824011325836,9.886750115288628,7.245914459228516
838,0.6755015750726063,0.041099824011325836,10.504671997494167,7.262279510498047
839,0.6755015750726063,0.041099824011325836,11.122593879699707,7.276808738708496
840,0.6755015750726063,0.04452480934560299,5.5612969398498535,6.913507461547852
841,0.6755015750726063,0.04452480934560299,6.179218822055393,7.011505603790283
842,0.6755015750726063,0.04452480934560299,6.797140704260932,7.081607341766357
843,0.6755015750726063,0.04452480934560299,7.415062586466471,7.130547523498535
844,0.6755015750726063,0.04452480934560299,8.03298446867201,7.161731243133545
845,0.6755015750726063,0.04452480934560299,8.65090635087755,7.193577289581299
846,0.6755015750726063,0.04452480934560299,9.268828233083088,7.225197792053223
847,0.6755015750726063,0.04452480934560299,9.886750115288628,7.245914459228516
848,0.6755015750726063,0.04452480934560299,10.504671997494167,7.262279510498047
849,0.6755015750726063,0.04452480934560299,11.122593879699707,7.276808738708496
850,0.6755015750726063,0.04794979467988014,5.5612969398498535,6.913507461547852
851,0.6755015750726063,0.04794979467988014,6.179218822055393,7.011505603790283
852,0.6755015750726063,0.04794979467988014,6.797140704260932,7.081607341766357
853,0.6755015750726063,0.04794979467988014,7.415062586466471,7.130547523498535
854,0.6755015750726063,0.04794979467988014,8.03298446867201,7.161731243133545
855,0.6755015750726063,0.04794979467988014,8.65090635087755,7.193577289581299
856,0.6755015750726063,0.04794979467988014,9.268828233083088,7.225197792053223
857,0.6755015750726063,0.04794979467988014,9.886750115288628,7.245914459228516
858,0.6755015750726063,0.04794979467988014,10.504671997494167,7.262279510498047
859,0.6755015750726063,0.04794979467988014,11.122593879699707,7.276808738708496
860,0.6755015750726063,0.051374780014157295,5.5612969398498535,6.913507461547852
861,0.6755015750726063,0.051374780014157295,6.179218822055393,7.011505603790283
862,0.6755015750726063,0.051374780014157295,6.797140704260932,7.081607341766357
863,0.6755015750726063,0.051374780014157295,7.415062586466471,7.130547523498535
864,0.6755015750726063,0.051374780014157295,8.03298446867201,7.161731243133545
865,0.6755015750726063,0.051374780014157295,8.65090635087755,7.193577289581299
866,0.6755015750726063,0.051374780014157295,9.268828233083088,7.225197792053223
867,0.6755015750726063,0.051374780014157295,9.886750115288628,7.245914459228516
868,0.6755015750726063,0.051374780014157295,10.504671997494167,7.262279510498047
869,0.6755015750726063,0.051374780014157295,11.122593879699707,7.276808738708496
870,0.6755015750726063,0.05479976534843445,5.5612969398498535,6.913507461547852
871,0.6755015750726063,0.05479976534843445,6.179218822055393,7.011505603790283
872,0.6755015750726063,0.05479976534843445,6.797140704260932,7.081607341766357
873,0.6755015750726063,0.05479976534843445,7.415062586466471,7.130547523498535
874,0.6755015750726063,0.05479976534843445,8.03298446867201,7.161731243133545
875,0.6755015750726063,0.05479976534843445,8.65090635087755,7.193577289581299
876,0.6755015750726063,0.05479976534843445,9.268828233083088,7.225197792053223
877,0.6755015750726063,0.05479976534843445,9.886750115288628,7.245914459228516
878,0.6755015750726063,0.05479976534843445,10.504671997494167,7.262279510498047
879,0.6755015750726063,0.05479976534843445,11.122593879699707,7.276808738708496
880,0.6755015750726063,0.0582247506827116,5.5612969398498535,6.913507461547852
881,0.6755015750726063,0.0582247506827116,6.179218822055393,7.011505603790283
882,0.6755015750726063,0.0582247506827116,6.797140704260932,7.081607341766357
883,0.6755015750726063,0.0582247506827116,7.415062586466471,7.130547523498535
884,0.6755015750726063,0.0582247506827116,8.03298446867201,7.161731243133545
885,0.6755015750726063,0.0582247506827116,8.65090635087755,7.193577289581299
886,0.6755015750726063,0.0582247506827116,9.268828233083088,7.225197792053223
887,0.6755015750726063,0.0582247506827116,9.886750115288628,7.245914459228516
888,0.6755015750726063,0.0582247506827116,10.504671997494167,7.262279510498047
889,0.6755015750726063,0.0582247506827116,11.122593879699707,7.276808738708496
890,0.6755015750726063,0.061649736016988754,5.5612969398498535,6.913507461547852
891,0.6755015750726063,0.061649736016988754,6.179218822055393,7.011505603790283
892,0.6755015750726063,0.061649736016988754,6.797140704260932,7.081607341766357
893,0.6755015750726063,0.061649736016988754,7.415062586466471,7.130547523498535
894,0.6755015750726063,0.061649736016988754,8.03298446867201,7.161731243133545
895,0.6755015750726063,0.061649736016988754,8.65090635087755,7.193577289581299
896,0.6755015750726063,0.061649736016988754,9.268828233083088,7.225197792053223
897,0.6755015750726063,0.061649736016988754,9.886750115288628,7.245914459228516
898,0.6755015750726063,0.061649736016988754,10.504671997494167,7.262279510498047
899,0.6755015750726063,0.061649736016988754,11.122593879699707,7.276808738708496
900,0.7152369618415833,0.030824868008494377,5.5612969398498535,6.913507461547852
901,0.7152369618415833,0.030824868008494377,6.179218822055393,7.011505603790283
902,0.7152369618415833,0.030824868008494377,6.797140704260932,7.081607341766357
903,0.7152369618415833,0.030824868008494377,7.415062586466471,7.130547523498535
904,0.7152369618415833,0.030824868008494377,8.03298446867201,7.161731243133545
905,0.7152369618415833,0.030824868008494377,8.65090635087755,7.193577289581299
906,0.7152369618415833,0.030824868008494377,9.268828233083088,7.225197792053223
907,0.7152369618415833,0.030824868008494377,9.886750115288628,7.245914459228516
908,0.7152369618415833,0.030824868008494377,10.504671997494167,7.262279510498047
909,0.7152369618415833,0.030824868008494377,11.122593879699707,7.276808738708496
910,0.7152369618415833,0.03424985334277153,5.5612969398498535,6.913507461547852
911,0.7152369618415833,0.03424985334277153,6.179218822055393,7.011505603790283
912,0.7152369618415833,0.03424985334277153,6.797140704260932,7.081607341766357
913,0.7152369618415833,0.03424985334277153,7.415062586466471,7.130547523498535
914,0.7152369618415833,0.03424985334277153,8.03298446867201,7.161731243133545
915,0.7152369618415833,0.03424985334277153,8.65090635087755,7.193577289581299
916,0.7152369618415833,0.03424985334277153,9.268828233083088,7.225197792053223
917,0.7152369618415833,0.03424985334277153,9.886750115288628,7.245914459228516
918,0.7152369618415833,0.03424985334277153,10.504671997494167,7.262279510498047
919,0.7152369618415833,0.03424985334277153,11.122593879699707,7.276808738708496
920,0.7152369618415833,0.03767483867704868,5.5612969398498535,6.913507461547852
921,0.7152369618415833,0.03767483867704868,6.179218822055393,7.011505603790283
922,0.7152369618415833,0.03767483867704868,6.797140704260932,7.081607341766357
923,0.7152369618415833,0.03767483867704868,7.415062586466471,7.130547523498535
924,0.7152369618415833,0.03767483867704868,8.03298446867201,7.161731243133545
925,0.7152369618415833,0.03767483867704868,8.65090635087755,7.193577289581299
926,0.7152369618415833,0.03767483867704868,9.268828233083088,7.225197792053223
927,0.7152369618415833,0.03767483867704868,9.886750115288628,7.245914459228516
928,0.7152369618415833,0.03767483867704868,10.504671997494167,7.262279510498047
929,0.7152369618415833,0.03767483867704868,11.122593879699707,7.276808738708496
930,0.7152369618415833,0.041099824011325836,5.5612969398498535,6.913507461547852
931,0.7152369618415833,0.041099824011325836,6.179218822055393,7.011505603790283
932,0.7152369618415833,0.041099824011325836,6.797140704260932,7.081607341766357
933,0.7152369618415833,0.041099824011325836,7.415062586466471,7.130547523498535
934,0.7152369618415833,0.041099824011325836,8.03298446867201,7.161731243133545
935,0.7152369618415833,0.041099824011325836,8.65090635087755,7.193577289581299
936,0.7152369618415833,0.041099824011325836,9.268828233083088,7.225197792053223
937,0.7152369618415833,0.041099824011325836,9.886750115288628,7.245914459228516
938,0.7152369618415833,0.041099824011325836,10.504671997494167,7.262279510498047
939,0.7152369618415833,0.041099824011325836,11.122593879699707,7.276808738708496
940,0.7152369618415833,0.04452480934560299,5.5612969398498535,6.913507461547852
941,0.7152369618415833,0.04452480934560299,6.179218822055393,7.011505603790283
942,0.7152369618415833,0.04452480934560299,6.797140704260932,7.081607341766357
943,0.7152369618415833,0.04452480934560299,7.415062586466471,7.130547523498535
944,0.7152369618415833,0.04452480934560299,8.03298446867201,7.161731243133545
945,0.7152369618415833,0.04452480934560299,8.65090635087755,7.193577289581299
946,0.7152369618415833,0.04452480934560299,9.268828233083088,7.225197792053223
947,0.7152369618415833,0.04452480934560299,9.886750115288628,7.245914459228516
948,0.7152369618415833,0.04452480934560299,10.504671997494167,7.262279510498047
949,0.7152369618415833,0.04452480934560299,11.122593879699707,7.276808738708496
950,0.7152369618415833,0.04794979467988014,5.5612969398498535,6.913507461547852
951,0.7152369618415833,0.04794979467988014,6.179218822055393,7.011505603790283
952,0.7152369618415833,0.04794979467988014,6.797140704260932,7.081607341766357
953,0.7152369618415833,0.04794979467988014,7.415062586466471,7.130547523498535
954,0.7152369618415833,0.04794979467988014,8.03298446867201,7.161731243133545
955,0.7152369618415833,0.04794979467988014,8.65090635087755,7.193577289581299
956,0.7152369618415833,0.04794979467988014,9.268828233083088,7.225197792053223
957,0.7152369618415833,0.04794979467988014,9.886750115288628,7.245914459228516
958,0.7152369618415833,0.04794979467988014,10.504671997494167,7.262279510498047
959,0.7152369618415833,0.04794979467988014,11.122593879699707,7.276808738708496
960,0.7152369618415833,0.051374780014157295,5.5612969398498535,6.913507461547852
961,0.7152369618415833,0.051374780014157295,6.179218822055393,7.011505603790283
962,0.7152369618415833,0.051374780014157295,6.797140704260932,7.081607341766357
963,0.7152369618415833,0.051374780014157295,7.415062586466471,7.130547523498535
964,0.7152369618415833,0.051374780014157295,8.03298446867201,7.161731243133545
965,0.7152369618415833,0.051374780014157295,8.65090635087755,7.193577289581299
966,0.7152369618415833,0.051374780014157295,9.268828233083088,7.225197792053223
967,0.7152369618415833,0.051374780014157295,9.886750115288628,7.245914459228516
968,0.7152369618415833,0.051374780014157295,10.504671997494167,7.262279510498047
969,0.7152369618415833,0.051374780014157295,11.122593879699707,7.276808738708496
970,0.7152369618415833,0.05479976534843445,5.5612969398498535,6.913507461547852
971,0.7152369618415833,0.05479976534843445,6.179218822055393,7.011505603790283
972,0.7152369618415833,0.05479976534843445,6.797140704260932,7.081607341766357
973,0.7152369618415833,0.05479976534843445,7.415062586466471,7.130547523498535
974,0.7152369618415833,0.05479976534843445,8.03298446867201,7.161731243133545
975,0.7152369618415833,0.05479976534843445,8.65090635087755,7.193577289581299
976,0.7152369618415833,0.05479976534843445,9.268828233083088,7.225197792053223
977,0.7152369618415833,0.05479976534843445,9.886750115288628,7.245914459228516
978,0.7152369618415833,0.05479976534843445,10.504671997494167,7.262279510498047
979,0.7152369618415833,0.05479976534843445,11.122593879699707,7.276808738708496
980,0.7152369618415833,0.0582247506827116,5.5612969398498535,6.913507461547852
981,0.7152369618415833,0.0582247506827116,6.179218822055393,7.011505603790283
982,0.7152369618415833,0.0582247506827116,6.797140704260932,7.081607341766357
983,0.7152369618415833,0.0582247506827116,7.415062586466471,7.130547523498535
984,0.7152369618415833,0.0582247506827116,8.03298446867201,7.161731243133545
985,0.7152369618415833,0.0582247506827116,8.65090635087755,7.193577289581299
986,0.7152369618415833,0.0582247506827116,9.268828233083088,7.225197792053223
987,0.7152369618415833,0.0582247506827116,9.886750115288628,7.245914459228516
988,0.7152369618415833,0.0582247506827116,10.504671997494167,7.262279510498047
989,0.7152369618415833,0.0582247506827116,11.122593879699707,7.276808738708496
990,0.7152369618415833,0.061649736016988754,5.5612969398498535,6.913507461547852
991,0.7152369618415833,0.061649736016988754,6.179218822055393,7.011505603790283
992,0.7152369618415833,0.061649736016988754,6.797140704260932,7.081607341766357
993,0.7152369618415833,0.061649736016988754,7.415062586466471,7.130547523498535
994,0.7152369618415833,0.061649736016988754,8.03298446867201,7.161731243133545
995,0.7152369618415833,0.061649736016988754,8.65090635087755,7.193577289581299
996,0.7152369618415833,0.061649736016988754,9.268828233083088,7.225197792053223
997,0.7152369618415833,0.061649736016988754,9.886750115288628,7.245914459228516
998,0.7152369618415833,0.061649736016988754,10.504671997494167,7.262279510498047
999,0.7152369618415833,0.061649736016988754,11.122593879699707,7.276808738708496
